{
  "china": {
    "cnn_pso": {
      "filters": 67,
      "kernel_size": 4,
      "dense_units": 64,
      "learning_rate": 0.00015837031559118745,
      "dropout_rate": 0.2542703315240835,
      "num_conv_layers": 2,
      "batch_size": 16,
      "learning_rate_exp": -3.8003262178416404,
      "best_cost": 8155.125338743644
    },
    "mlp_pso": {
      "learning_rate": 0.0006097839109531515,
      "learning_rate_exp": -3.214824038606986,
      "dropout_rate": 0.15990213464750794,
      "n_layers": 2,
      "units_per_layer": 165,
      "batch_size": 16,
      "best_cost": 8147.600824400312
    }
  },
  "cocomo81": {
    "cnn_pso": {
      "filters": 67,
      "kernel_size": 4,
      "dense_units": 64,
      "learning_rate": 0.00015837031559118745,
      "dropout_rate": 0.2542703315240835,
      "num_conv_layers": 2,
      "batch_size": 16,
      "learning_rate_exp": -3.8003262178416404,
      "best_cost": 512.5883922503771
    },
    "mlp_pso": {
      "learning_rate": 0.0006097839109531515,
      "learning_rate_exp": -3.214824038606986,
      "dropout_rate": 0.15990213464750794,
      "n_layers": 2,
      "units_per_layer": 165,
      "batch_size": 16,
      "best_cost": 512.6480964521787
    }
  },
  "desharnais": {
    "cnn_pso": {
      "filters": 67,
      "kernel_size": 4,
      "dense_units": 64,
      "learning_rate": 0.00015837031559118745,
      "dropout_rate": 0.2542703315240835,
      "num_conv_layers": 2,
      "batch_size": 16,
      "learning_rate_exp": -3.8003262178416404,
      "best_cost": 5421.725702415052
    },
    "mlp_pso": {
      "learning_rate": 0.0006097839109531515,
      "learning_rate_exp": -3.214824038606986,
      "dropout_rate": 0.15990213464750794,
      "n_layers": 2,
      "units_per_layer": 165,
      "batch_size": 16,
      "best_cost": 5421.977604478073
    }
  }
}