{
  "china": {
    "cnn_baseline": {
      "loss": [
        18.325178146362305,
        4.9785590171813965,
        3.0212459564208984,
        2.2733774185180664,
        2.1892759799957275
      ],
      "mean_absolute_error": [
        3.7609434127807617,
        1.5141961574554443,
        1.3372031450271606,
        1.1294851303100586,
        1.0808359384536743
      ],
      "val_loss": [
        56.00299835205078,
        58.47868728637695,
        57.969154357910156,
        55.186927795410156,
        54.26755905151367
      ],
      "val_mean_absolute_error": [
        7.380704402923584,
        7.541186332702637,
        7.518873691558838,
        7.3366804122924805,
        7.269671440124512
      ],
      "learning_rate": [
        0.0010000000474974513,
        0.0010000000474974513,
        0.0010000000474974513,
        0.0010000000474974513,
        0.0010000000474974513
      ]
    },
    "cnn_pso": {
      "loss": [
        53.09596252441406,
        23.710058212280273,
        11.78376579284668,
        8.001081466674805,
        5.4428253173828125
      ],
      "mean_absolute_error": [
        6.954470157623291,
        4.370086193084717,
        2.8771374225616455,
        2.3178963661193848,
        1.9105098247528076
      ],
      "val_loss": [
        61.0101318359375,
        56.61248016357422,
        50.28693389892578,
        42.838539123535156,
        35.570743560791016
      ],
      "val_mean_absolute_error": [
        7.711333274841309,
        7.417199611663818,
        6.972680568695068,
        6.411604404449463,
        5.8104023933410645
      ],
      "learning_rate": [
        0.00015837031241972,
        0.00015837031241972,
        0.00015837031241972,
        0.00015837031241972,
        0.00015837031241972
      ]
    },
    "mlp_baseline": {
      "loss": [
        57.44102478027344,
        50.94730758666992,
        45.60050582885742,
        40.13949966430664,
        35.957489013671875
      ],
      "mean_absolute_error": [
        7.4455156326293945,
        7.021970748901367,
        6.644824981689453,
        6.220704555511475,
        5.86665153503418
      ],
      "val_loss": [
        59.90903854370117,
        55.69342803955078,
        51.658592224121094,
        47.78523635864258,
        44.04021453857422
      ],
      "val_mean_absolute_error": [
        7.637113094329834,
        7.3683271408081055,
        7.093121528625488,
        6.809912204742432,
        6.5164384841918945
      ],
      "learning_rate": [
        0.0010000000474974513,
        0.0010000000474974513,
        0.0010000000474974513,
        0.0010000000474974513,
        0.0010000000474974513
      ]
    },
    "mlp_pso": {
      "loss": [
        66.79434967041016,
        50.556270599365234,
        37.64013671875,
        26.998735427856445,
        19.62935447692871
      ],
      "mean_absolute_error": [
        8.056466102600098,
        7.036604881286621,
        6.055389404296875,
        5.094457626342773,
        4.324445724487305
      ],
      "val_loss": [
        60.0421142578125,
        55.70130157470703,
        51.25288772583008,
        46.52875900268555,
        39.822792053222656
      ],
      "val_mean_absolute_error": [
        7.67726993560791,
        7.4026594161987305,
        7.097136497497559,
        6.753668308258057,
        6.238358497619629
      ],
      "learning_rate": [
        0.0006097839213907719,
        0.0006097839213907719,
        0.0006097839213907719,
        0.0006097839213907719,
        0.0006097839213907719
      ]
    }
  },
  "cocomo81": {
    "cnn_baseline": {
      "loss": [
        17.85675811767578,
        10.531030654907227,
        6.414802551269531,
        3.6837573051452637,
        2.124598979949951
      ],
      "mean_absolute_error": [
        3.6904215812683105,
        2.7775444984436035,
        2.1720495223999023,
        1.536128044128418,
        1.1243501901626587
      ],
      "val_loss": [
        10.836709976196289,
        10.803098678588867,
        10.673754692077637,
        10.512504577636719,
        10.434885025024414
      ],
      "val_mean_absolute_error": [
        3.1294467449188232,
        3.1312475204467773,
        3.119579315185547,
        3.1011321544647217,
        3.093318223953247
      ],
      "learning_rate": [
        0.0010000000474974513,
        0.0010000000474974513,
        0.0010000000474974513,
        0.0010000000474974513,
        0.0010000000474974513
      ]
    },
    "cnn_pso": {
      "loss": [
        20.7441463470459,
        19.565147399902344,
        17.973188400268555,
        14.814844131469727,
        12.927316665649414
      ],
      "mean_absolute_error": [
        4.013913631439209,
        3.875563621520996,
        3.789694309234619,
        3.2908501625061035,
        3.0733859539031982
      ],
      "val_loss": [
        10.796058654785156,
        10.747586250305176,
        10.689016342163086,
        10.62820816040039,
        10.566617965698242
      ],
      "val_mean_absolute_error": [
        3.1189422607421875,
        3.112731456756592,
        3.1049816608428955,
        3.097219944000244,
        3.0891096591949463
      ],
      "learning_rate": [
        0.00015837031241972,
        0.00015837031241972,
        0.00015837031241972,
        0.00015837031241972,
        0.00015837031241972
      ]
    },
    "mlp_baseline": {
      "loss": [
        30.342575073242188,
        29.957517623901367,
        28.508668899536133,
        26.55063819885254,
        26.717681884765625
      ],
      "mean_absolute_error": [
        5.238928318023682,
        5.190635681152344,
        5.0435662269592285,
        4.875313758850098,
        4.92502498626709
      ],
      "val_loss": [
        12.51547622680664,
        12.280932426452637,
        12.047002792358398,
        11.81379508972168,
        11.577398300170898
      ],
      "val_mean_absolute_error": [
        3.4921817779541016,
        3.457972288131714,
        3.423445224761963,
        3.3884215354919434,
        3.352476119995117
      ],
      "learning_rate": [
        0.0010000000474974513,
        0.0010000000474974513,
        0.0010000000474974513,
        0.0010000000474974513,
        0.0010000000474974513
      ]
    },
    "mlp_pso": {
      "loss": [
        29.85489273071289,
        28.77774429321289,
        28.675884246826172,
        27.180225372314453,
        27.33207130432129
      ],
      "mean_absolute_error": [
        5.206003665924072,
        5.1167073249816895,
        5.078505992889404,
        4.946164608001709,
        4.938614845275879
      ],
      "val_loss": [
        12.524869918823242,
        12.303410530090332,
        12.080452919006348,
        11.858954429626465,
        11.637622833251953
      ],
      "val_mean_absolute_error": [
        3.49363374710083,
        3.4614040851593018,
        3.4284896850585938,
        3.3955750465393066,
        3.362316846847534
      ],
      "learning_rate": [
        0.0006097839213907719,
        0.0006097839213907719,
        0.0006097839213907719,
        0.0006097839213907719,
        0.0006097839213907719
      ]
    }
  },
  "desharnais": {
    "cnn_baseline": {
      "loss": [
        49.38191223144531,
        38.04536437988281,
        27.669612884521484,
        21.569669723510742,
        14.997875213623047
      ],
      "mean_absolute_error": [
        6.866919994354248,
        6.005415439605713,
        5.044317722320557,
        4.406140327453613,
        3.5999999046325684
      ],
      "val_loss": [
        68.03791046142578,
        66.87456512451172,
        65.7555923461914,
        64.69758605957031,
        63.54679489135742
      ],
      "val_mean_absolute_error": [
        8.226494789123535,
        8.155415534973145,
        8.086681365966797,
        8.021345138549805,
        7.950467586517334
      ],