{
  "china": {
    "cnn_baseline": {
      "loss": [
        57.384788513183594,
        54.228206634521484,
        50.76124572753906,
        46.33368682861328,
        40.56664276123047,
        33.34320068359375,
        25.001392364501953,
        16.69261360168457,
        10.054718017578125,
        6.206533432006836
      ],
      "mean_absolute_error": [
        7.462038040161133,
        7.254240036010742,
        7.016358852386475,
        6.697270393371582,
        6.253283500671387,
        5.637772560119629,
        4.840908527374268,
        3.865656614303589,
        2.792483329772949,
        1.9564632177352905
      ],
      "val_loss": [
        60.79298782348633,
        57.266357421875,
        52.96049880981445,
        47.29835891723633,
        40.06572723388672,
        31.356426239013672,
        21.93990707397461,
        13.527689933776855,
        7.820055961608887,
        5.253883361816406
      ],
      "val_mean_absolute_error": [
        7.695826053619385,
        7.46743631362915,
        7.176554203033447,
        6.773333549499512,
        6.21545934677124,
        5.456979274749756,
        4.475306034088135,
        3.4089553356170654,
        2.4701733589172363,
        1.8592853546142578
      ],
      "learning_rate": [
        0.0010000000474974513,
        0.0010000000474974513,
        0.0010000000474974513,
        0.0010000000474974513,
        0.0010000000474974513,
        0.0010000000474974513,
        0.0010000000474974513,
        0.0010000000474974513,
        0.0010000000474974513,
        0.0010000000474974513
      ]
    },
    "cnn_pso": {
      "loss": [
        19.124608993530273,
        2.764923095703125,
        1.4991397857666016,
        0.968853771686554,
        0.5862475037574768,
        0.3862258493900299,
        0.3352866768836975,
        0.32478970289230347,
        0.3182046115398407,
        0.30584490299224854
      ],
      "mean_absolute_error": [
        3.4229111671447754,
        1.2784318923950195,
        0.9321867823600769,
        0.7381863594055176,
        0.5694615840911865,
        0.4608047604560852,
        0.43861067295074463,
        0.4355141520500183,
        0.43274712562561035,
        0.4231334924697876
      ],
      "val_loss": [
        5.254962921142578,
        2.3056368827819824,
        1.4013599157333374,
        0.8630582690238953,
        0.5627736449241638,
        0.48558878898620605,
        0.4682154655456543,
        0.44786232709884644,
        0.4210781157016754,
        0.40950560569763184
      ],
      "val_mean_absolute_error": [
        1.9043785333633423,
        1.2177118062973022,
        0.9250823855400085,
        0.7101362943649292,
        0.6039866209030151,
        0.593292236328125,
        0.5887480974197388,
        0.5741985440254211,
        0.5554312467575073,
        0.5458040237426758
      ],
      "learning_rate": [
        0.009868277236819267,
        0.009868277236819267,
        0.009868277236819267,
        0.009868277236819267,
        0.009868277236819267,
        0.009868277236819267,
        0.009868277236819267,
        0.009868277236819267,
        0.009868277236819267,
        0.009868277236819267
      ]
    },
    "mlp_baseline": {
      "loss": [
        57.44102478027344,
        50.94730758666992,
        45.60050582885742,
        40.13949966430664,
        35.957489013671875,
        32.205631256103516,
        28.5927677154541,
        25.21293067932129,
        22.07514190673828,
        19.06958770751953
      ],
      "mean_absolute_error": [
        7.4455156326293945,
        7.021970748901367,
        6.644824981689453,
        6.220704555511475,
        5.86665153503418,
        5.522075176239014,
        5.191300392150879,
        4.815953254699707,
        4.476180076599121,
        4.094541072845459
      ],
      "val_loss": [
        59.90903854370117,
        55.69342803955078,
        51.658592224121094,
        47.78523635864258,
        44.04021453857422,
        40.416954040527344,
        36.95166015625,
        33.804996490478516,
        30.915674209594727,
        28.321353912353516
      ],
      "val_mean_absolute_error": [
        7.637113094329834,
        7.3683271408081055,
        7.093121528625488,
        6.809912204742432,
        6.5164384841918945,
        6.2134199142456055,
        5.8985795974731445,
        5.647005081176758,
        5.408717155456543,
        5.166903018951416
      ],
      "learning_rate": [
        0.0010000000474974513,
        0.0010000000474974513,
        0.0010000000474974513,
        0.0010000000474974513,
        0.0010000000474974513,
        0.0010000000474974513,
        0.0010000000474974513,
        0.0010000000474974513,
        0.0010000000474974513,
        0.0010000000474974513
      ]
    },
    "mlp_pso": {
      "loss": [
        53.75852966308594,
        48.20438766479492,
        43.550357818603516,
        38.28487777709961,
        33.10662841796875,
        29.460954666137695,
        25.94328498840332,
        22.51647186279297,
        19.766334533691406,
        17.379487991333008
      ],
      "mean_absolute_error": [
        7.219695091247559,
        6.835468292236328,
        6.471736907958984,
        6.05283784866333,
        5.5871052742004395,
        5.24315071105957,
        4.885493755340576,
        4.510472774505615,
        4.168937683105469,
        3.8446922302246094
      ],
      "val_loss": [
        60.712310791015625,
        57.39775848388672,
        54.13200759887695,
        50.93059539794922,
        47.88657760620117,
        44.942955017089844,
        42.15673065185547,
        39.560420989990234,
        37.12340545654297,
        34.860137939453125
      ],
      "val_mean_absolute_error": [
        7.7115044593811035,
        7.50134801864624,
        7.283120632171631,
        7.055905342102051,
        6.824790954589844,
        6.585595607757568,
        6.340400695800781,
        6.144904136657715,
        5.969110012054443,
        5.788580894470215
      ],
      "learning_rate": [
        0.0003997202147729695,
        0.0003997202147729695,
        0.0003997202147729695,
        0.0003997202147729695,
        0.0003997202147729695,
        0.0003997202147729695,
        0.0003997202147729695,
        0.0003997202147729695,
        0.0003997202147729695,
        0.0003997202147729695
      ]
    }
  },
  "cocomo81": {
    "cnn_baseline": {
      "loss": [
        30.184049606323242,
        29.70853614807129,
        29.24256706237793,
        28.78761863708496,
        28.333574295043945,
        27.879560470581055,
        27.431331634521484,
        26.989072799682617,
        26.555208206176758,
        26.126188278198242
      ],
      "mean_absolute_error": [
        5.181094646453857,
        5.135753154754639,
        5.090789794921875,
        5.046354293823242,
        5.001620769500732,
        4.956498146057129,
        4.91161584854126,
        4.866873264312744,
        4.822469711303711,
        4.777961730957031
      ],
      "val_loss": [
        12.260076522827148,
        11.951788902282715,
        11.65363883972168,
        11.362236022949219,
        11.07837963104248,
        10.80244255065918,
        10.535319328308105,
        10.272382736206055,
        10.009637832641602,
        9.744617462158203
      ],
      "val_mean_absolute_error": [
        3.3593380451202393,
        3.313261032104492,
        3.267780303955078,
        3.222590684890747,
        3.177631378173828,
        3.133218288421631,
        3.089430570602417,
        3.0459113121032715,
        3.0017995834350586,
        2.956465721130371
      ],