{"baseline": {"loss": [63.67557907104492, 50.027740478515625, 39.420494079589844, 31.36187744140625, 24.626773834228516, 17.329185485839844, 14.225387573242188, 11.963420867919922, 10.646897315979004, 6.968898773193359, 5.401503562927246, 5.883879661560059, 5.13637113571167, 4.38669490814209, 4.377640724182129, 3.820319414138794, 3.867288589477539, 2.9622488021850586, 4.239609718322754, 4.019998550415039, 2.682377576828003, 3.137756824493408, 3.2428903579711914, 2.470337390899658, 2.242508888244629], "mean_absolute_error": [7.877070426940918, 6.934909820556641, 6.038666248321533, 5.25986385345459, 4.549187660217285, 3.7488105297088623, 3.392441749572754, 3.006270408630371, 2.7389657497406006, 2.1647021770477295, 1.7712805271148682, 2.0487265586853027, 1.7948875427246094, 1.7191153764724731, 1.7402547597885132, 1.5513887405395508, 1.6410408020019531, 1.3880919218063354, 1.570530891418457, 1.642468810081482, 1.3382611274719238, 1.4360337257385254, 1.3763096332550049, 1.2386187314987183, 1.2120939493179321], "val_loss": [61.110660552978516, 60.0045051574707, 58.91258239746094, 57.90646743774414, 56.958587646484375, 56.05184555053711, 55.19142150878906, 54.412750244140625, 53.743045806884766, 53.14484786987305, 52.617218017578125, 52.22904586791992, 52.023258209228516, 51.89613723754883, 51.877254486083984, 52.00233459472656, 52.22807693481445, 52.41557693481445, 52.53507614135742, 52.60980224609375, 52.49580383300781, 52.418914794921875, 52.30810546875, 52.17095947265625, 52.019020080566406], "val_mean_absolute_error": [7.752626419067383, 7.681285858154297, 7.609645843505859, 7.542822360992432, 7.478801727294922, 7.417215347290039, 7.358426570892334, 7.304495334625244, 7.2573466300964355, 7.214278221130371, 7.176008701324463, 7.147184371948242, 7.1311540603637695, 7.1224894523620605, 7.122303009033203, 7.133027076721191, 7.150636196136475, 7.16491174697876, 7.1749091148376465, 7.182162284851074, 7.174998760223389, 7.170192718505859, 7.163145065307617, 7.15402364730835, 7.144116401672363], "learning_rate": [0.0010000000474974513, 0.0010000000474974513, 0.0010000000474974513, 0.0010000000474974513, 0.0010000000474974513, 0.0010000000474974513, 0.0010000000474974513, 0.0010000000474974513, 0.0010000000474974513, 0.0010000000474974513, 0.0010000000474974513, 0.0010000000474974513, 0.0010000000474974513, 0.0010000000474974513, 0.0010000000474974513, 0.0010000000474974513, 0.0010000000474974513, 0.0010000000474974513, 0.0010000000474974513, 0.0010000000474974513, 0.0005000000237487257, 0.0005000000237487257, 0.0005000000237487257, 0.0005000000237487257, 0.0005000000237487257]}, "pso": {"loss": [39.114906311035156, 15.26129150390625, 17.27530288696289, 14.47791862487793, 15.311419486999512, 8.235361099243164, 8.716941833496094, 6.0595316886901855, 6.472764015197754, 8.818324089050293, 5.403229713439941, 8.870980262756348, 4.70286750793457, 6.479424476623535, 3.615565299987793, 2.8353614807128906, 3.4157423973083496, 4.3729448318481445, 3.56815242767334, 3.5120368003845215, 4.9912919998168945, 2.355375051498413, 4.056985855102539, 3.821768283843994, 4.930103778839111, 3.1410462856292725, 4.601508140563965, 2.5525472164154053, 3.310380458831787, 2.794987201690674, 2.609078884124756, 2.4807987213134766, 2.3184924125671387, 2.393291473388672, 2.081012725830078, 3.4090933799743652, 2.4928243160247803, 2.359095573425293, 2.283557891845703, 2.6252617835998535, 2.3355116844177246, 1.978295087814331, 2.2197515964508057, 1.7235760688781738, 2.964580535888672, 1.9951443672180176, 2.338658571243286, 1.9847919940948486, 2.4958953857421875, 1.9023728370666504], "mean_absolute_error": [5.555342674255371, 3.046177864074707, 3.1498167514801025, 2.915195941925049, 2.5342161655426025, 2.125032901763916, 2.3915112018585205, 1.8409655094146729, 2.092064380645752, 2.315967082977295, 1.821425199508667, 2.1324212551116943, 1.6100714206695557, 1.8275938034057617, 1.501123070716858, 1.3915033340454102, 1.505578637123108, 1.654196858406067, 1.5489721298217773, 1.334306240081787, 1.621953010559082, 1.285874843597412, 1.5792312622070312, 1.5742747783660889, 1.7501451969146729, 1.464680552482605, 1.6119537353515625, 1.3415751457214355, 1.5107910633087158, 1.3632217645645142, 1.2760415077209473, 1.1681029796600342, 1.2239173650741577, 1.2739585638046265, 1.152055025100708, 1.5096163749694824, 1.2601540088653564, 1.1889715194702148, 1.154467225074768, 1.302250862121582, 1.1957374811172485, 1.06553316116333, 1.141223430633545, 0.9735679626464844, 1.3697640895843506, 1.1239598989486694, 1.334429383277893, 1.1285803318023682, 1.2369433641433716, 1.11943519115448], "val_loss": [60.07591247558594, 61.341041564941406, 63.52294158935547, 53.964229583740234, 50.72304916381836, 51.34099197387695, 47.888397216796875, 43.29212188720703, 40.47660446166992, 37.45744705200195, 33.40546417236328, 29.702560424804688, 26.781686782836914, 25.806577682495117, 24.031147003173828, 21.610631942749023, 18.08040428161621, 15.252602577209473, 13.495097160339355, 13.097307205200195, 12.865084648132324, 11.819877624511719, 9.022236824035645, 6.226810455322266, 5.258068084716797, 5.206569194793701, 6.178619384765625, 5.856396675109863, 4.688080310821533, 3.637524127960205, 3.35204815864563, 3.279933452606201, 2.683650016784668, 1.9675214290618896, 1.6453219652175903, 1.61368727684021, 1.5034855604171753, 1.3890193700790405, 1.2947759628295898, 1.1332192420959473, 1.1534773111343384, 1.2755037546157837, 1.3931553363800049, 1.6519360542297363, 1.929321050643921, 1.8794844150543213, 1.699830174446106, 1.6851555109024048, 1.8028358221054077, 2.07908034324646], "val_mean_absolute_error": [7.66784143447876, 7.786186695098877, 7.877542018890381, 7.304197788238525, 7.0873918533325195, 7.1016845703125, 6.848680019378662, 6.530844211578369, 6.328812122344971, 6.0674614906311035, 5.682834625244141, 5.3469085693359375, 5.100742340087891, 5.018895149230957, 4.8296799659729, 4.55288553237915, 4.127509593963623, 3.7862229347229004, 3.577993392944336, 3.5287015438079834, 3.456033706665039, 3.241997718811035, 2.740410089492798, 2.2079615592956543, 2.055793046951294, 2.088305950164795, 2.279172897338867, 2.1515860557556152, 1.8526616096496582, 1.605353593826294, 1.540353775024414, 1.5332353115081787, 1.3468095064163208, 1.0578837394714355, 0.9224452972412109, 0.9096826910972595, 0.8645434379577637, 0.8470816612243652, 0.8573675155639648, 0.7821543216705322, 0.8066351413726807, 0.8657113313674927, 0.9243927001953125, 1.0714998245239258, 1.2301790714263916, 1.2161920070648193, 1.1336348056793213, 1.1210424900054932, 1.1803666353225708, 1.3017526865005493], "learning_rate": [0.005068237893283367, 0.005068237893283367, 0.005068237893283367, 0.005068237893283367, 0.005068237893283367, 0.005068237893283367, 0.005068237893283367, 0.005068237893283367, 0.005068237893283367, 0.005068237893283367, 0.005068237893283367, 0.005068237893283367, 0.005068237893283367, 0.005068237893283367, 0.005068237893283367, 0.005068237893283367, 0.005068237893283367, 0.005068237893283367, 0.005068237893283367, 0.005068237893283367, 0.005068237893283367, 0.005068237893283367, 0.005068237893283367, 0.005068237893283367, 0.005068237893283367, 0.005068237893283367, 0.005068237893283367, 0.005068237893283367, 0.005068237893283367, 0.005068237893283367, 0.005068237893283367, 0.005068237893283367, 0.005068237893283367, 0.005068237893283367, 0.005068237893283367, 0.005068237893283367, 0.005068237893283367, 0.005068237893283367, 0.005068237893283367, 0.005068237893283367, 0.005068237893283367, 0.005068237893283367, 0.005068237893283367, 0.005068237893283367, 0.005068237893283367, 0.0025341189466416836, 0.0025341189466416836, 0.0025341189466416836, 0.0025341189466416836, 0.0025341189466416836]}}